ra,ano,risco_evasao,driver_evasao,risco_defasagem,driver_defasagem
RA-1,2023,0.17389609,academico,0.11082178,academico
RA-1000,2023,0.32811227,academico,0.48176202,academico
RA-1001,2023,0.10002966,academico,0.011186383,academico
RA-1002,2023,0.18576927,engajamento,0.12013968,psicopedagogico
RA-1003,2023,0.15586753,engajamento,0.1065234,academico
RA-1004,2023,0.009466744,academico,0.98524356,academico
RA-1005,2023,0.57661337,academico,,
RA-1006,2023,0.4884228,academico,0.83598477,academico
RA-1007,2023,0.40731424,academico,,
RA-1008,2023,0.019568082,academico,0.80854636,academico
RA-1009,2023,0.13232282,engajamento,0.36417115,academico
RA-1010,2023,0.29540664,academico,,
RA-1011,2023,0.12181379,contexto,,
RA-1012,2023,0.21630555,engajamento,0.91117156,academico
RA-1013,2023,0.008193821,academico,0.3473333,academico
RA-1014,2023,0.04065114,academico,0.15588157,academico
RA-1015,2023,0.39459997,academico,0.0074658603,contexto
RA-1016,2023,0.52868164,academico,,
RA-1017,2023,0.46251625,academico,0.049916357,academico
RA-1018,2023,0.09472332,engajamento,0.8259536,academico
RA-1019,2023,0.2634591,contexto,0.88800436,academico
RA-1020,2023,0.4655845,academico,0.7667934,academico
RA-1021,2023,0.35503182,academico,0.82431865,academico
RA-1022,2023,0.37871704,engajamento,0.87797624,academico
RA-1023,2023,0.3849148,academico,0.14556749,academico
RA-1024,2023,0.13051519,engajamento,0.0040809917,academico
RA-1025,2023,0.066575326,academico,0.22666946,academico
RA-1026,2023,0.28243765,academico,,
RA-1027,2023,0.23704363,engajamento,0.0071168006,academico
RA-1028,2023,0.18717884,engajamento,0.04264307,academico
RA-1029,2023,0.82318443,engajamento,0.7352221,academico
RA-103,2023,0.022969155,academico,0.17594267,academico
RA-1030,2023,0.17173645,engajamento,0.07349704,academico
RA-1031,2023,0.47772983,engajamento,0.049774487,contexto
RA-1032,2023,0.4737421,contexto,0.16758017,academico
RA-1033,2023,0.13716961,academico,,
RA-1034,2023,0.1751883,academico,0.0024126137,academico
RA-1035,2023,0.12410635,engajamento,0.92764586,academico
RA-1036,2023,0.09474056,engajamento,0.008136503,academico
RA-1037,2023,0.4932515,academico,,
RA-1038,2023,0.4442409,engajamento,0.004573243,academico
RA-1039,2023,0.09135714,engajamento,0.0014677073,academico
RA-104,2023,0.24835366,academico,,
RA-1040,2023,0.28480014,academico,0.014392188,academico
RA-1041,2023,0.2974996,academico,,
RA-1042,2023,0.37484628,engajamento,,
RA-1043,2023,0.29106945,academico,0.03414995,academico
RA-1044,2023,0.095407106,engajamento,0.0068142307,contexto
RA-1045,2023,0.11253596,academico,,
RA-1046,2023,0.10788837,engajamento,,
RA-1047,2023,0.4370286,engajamento,,
RA-1048,2023,0.16790126,academico,0.014747926,academico
RA-1049,2023,0.5890797,contexto,0.0075343475,academico
RA-1050,2023,0.21139835,academico,,
RA-1051,2023,0.34444565,academico,,
RA-1052,2023,0.18689738,engajamento,0.86401266,academico
RA-1053,2023,0.13680437,academico,,
RA-1054,2023,0.5146721,academico,0.0013246584,academico
RA-1055,2023,0.24600565,academico,0.2209026,academico
RA-1056,2023,0.17287692,engajamento,0.6838808,academico
RA-1057,2023,0.35928732,engajamento,0.8936359,academico
RA-1058,2023,0.76363146,academico,0.8774756,academico
RA-1059,2023,0.08461756,engajamento,0.004757762,academico
RA-106,2023,0.10587617,academico,0.1260958,academico
RA-1060,2023,0.35364252,engajamento,0.019918393,psicopedagogico
RA-1061,2023,0.020874804,academico,0.0057214485,academico
RA-1062,2023,0.450635,academico,0.69503313,academico
RA-1063,2023,0.7224706,engajamento,0.08880189,academico
RA-1064,2023,0.04352433,engajamento,0.0031056863,academico
RA-1065,2023,0.037913624,academico,0.012353333,academico
RA-1066,2023,0.62954926,academico,0.0031973685,academico
RA-1067,2023,0.4313523,engajamento,0.006486555,contexto
RA-1068,2023,0.07797466,academico,0.0022133747,academico
RA-1069,2023,0.6105722,academico,0.02176914,academico
RA-107,2023,0.11306518,contexto,0.16128708,academico
RA-1070,2023,0.48907286,academico,0.13394341,psicopedagogico
RA-1071,2023,0.2233703,academico,0.22847745,academico
RA-1072,2023,0.22265181,academico,0.16730022,academico
RA-1073,2023,0.15597911,engajamento,0.008823065,contexto
RA-1074,2023,0.14300625,engajamento,,
RA-1075,2023,0.16969171,engajamento,0.026761513,contexto
RA-1076,2023,0.16834342,engajamento,0.0022415856,academico
RA-1077,2023,0.050860472,engajamento,0.48585358,academico
RA-1078,2023,0.22164114,engajamento,,
RA-1079,2023,0.16437814,academico,0.067805044,academico
RA-108,2023,0.057045233,academico,,
RA-1080,2023,0.060194768,academico,,
RA-1081,2023,0.16155104,engajamento,0.00621633,academico
RA-1082,2023,0.58417875,academico,0.05812177,contexto
RA-1083,2023,0.037061825,engajamento,,
RA-1084,2023,0.18233985,academico,0.24725848,academico
RA-1085,2023,0.08277915,engajamento,,
RA-1086,2023,0.54177296,academico,,
RA-1087,2023,0.48448837,psicopedagogico,0.038692877,contexto
RA-1088,2023,0.23443569,engajamento,,
RA-1089,2023,0.17365673,academico,0.5247303,academico
RA-109,2023,0.010492526,academico,,
RA-1090,2023,0.13746278,engajamento,0.007874885,academico
RA-1091,2023,0.050043993,academico,,
RA-1092,2023,0.10200822,engajamento,,
RA-1093,2023,0.09464936,academico,0.11745671,academico
RA-1094,2023,0.09094748,academico,0.13796172,academico
RA-1095,2023,0.08643426,engajamento,0.051022965,academico
RA-1096,2023,0.093764596,engajamento,0.06595452,academico
RA-1097,2023,0.37042657,academico,0.08399248,academico
RA-1098,2023,0.44823474,academico,0.073516354,academico
RA-1099,2023,0.2001597,engajamento,0.13953145,academico
RA-110,2023,0.01550618,academico,0.0204862,academico
RA-1100,2023,0.08868917,academico,0.34156117,academico
RA-1101,2023,0.39069363,academico,,
RA-1102,2023,0.16289037,academico,0.95431626,academico
RA-1103,2023,0.20465642,engajamento,0.34334934,academico
RA-1104,2023,0.18237823,engajamento,,
RA-1105,2023,0.2797126,engajamento,,
RA-1106,2023,0.3127508,psicopedagogico,0.045061164,contexto
RA-1107,2023,0.27719107,engajamento,0.0014645563,academico
RA-1108,2023,0.14174035,engajamento,0.010217933,contexto
RA-1109,2023,0.8987505,engajamento,,
RA-111,2023,0.068143584,engajamento,0.22746034,academico
RA-1110,2023,0.18359862,engajamento,,
RA-1111,2023,0.2681017,engajamento,0.44734004,academico
RA-1112,2023,0.5732082,academico,0.034395576,academico
RA-1113,2023,0.81074405,engajamento,,
RA-1114,2023,0.3169952,engajamento,0.7048679,academico
RA-1115,2023,0.2651346,engajamento,0.56362665,academico
RA-1116,2023,0.5618374,academico,0.44638652,academico
RA-1117,2023,0.05426366,engajamento,0.7429015,academico
RA-1118,2023,0.11576004,engajamento,0.0034299705,contexto
RA-1119,2023,0.1848612,engajamento,0.042597994,academico
RA-112,2023,0.066837005,contexto,0.0016260095,academico
RA-1120,2023,0.12635578,academico,,
RA-1121,2023,0.015488299,academico,0.2356097,academico
RA-1122,2023,0.4943442,academico,0.19433057,academico
RA-1123,2023,0.3115134,academico,,
RA-1124,2023,0.29461205,academico,,
RA-1125,2023,0.25418907,academico,,
RA-1126,2023,0.77968866,academico,,
RA-1127,2023,0.18142354,academico,0.28542712,academico
RA-1128,2023,0.53317505,academico,,
RA-1129,2023,0.22622606,academico,0.60492855,academico
RA-1130,2023,0.055786546,academico,0.7899922,academico
RA-1131,2023,0.033624187,academico,0.0020380635,academico
RA-1132,2023,0.91802144,engajamento,,
RA-1133,2023,0.25634876,engajamento,0.10743274,academico
RA-1134,2023,0.31628048,engajamento,0.8912541,academico
RA-1135,2023,0.22066379,academico,,
RA-1136,2023,0.34913117,engajamento,0.01910789,academico
RA-1137,2023,0.2685288,engajamento,0.13370371,academico
RA-1138,2023,0.07484212,academico,,
RA-1139,2023,0.2718068,academico,0.49076152,academico
RA-114,2023,0.75302064,engajamento,,
RA-1140,2023,0.41456106,engajamento,0.22227842,academico
RA-1141,2023,0.6138115,academico,0.22037625,academico
RA-1142,2023,0.25558802,engajamento,0.17627601,academico
RA-1143,2023,0.6395283,academico,0.021629173,academico
RA-1144,2023,0.059114035,academico,,
RA-1145,2023,0.2565026,academico,,
RA-1146,2023,0.1573129,academico,0.48764342,academico
RA-1147,2023,0.68236005,academico,0.17626378,academico
RA-1148,2023,0.54949164,academico,,
RA-1149,2023,0.0877501,engajamento,0.021570856,academico
RA-115,2023,0.20498657,academico,0.28118944,academico
RA-1150,2023,0.25485802,engajamento,0.0053536333,academico
RA-1151,2023,0.20858248,academico,0.048749313,academico
RA-1152,2023,0.32545742,engajamento,,
RA-1153,2023,0.02663426,academico,0.0016360056,academico
RA-1154,2023,0.25898996,academico,0.23542206,academico
RA-1155,2023,0.036706787,academico,0.0030310105,academico
RA-1156,2023,0.38241577,academico,0.047918256,academico
RA-1157,2023,0.5478025,academico,0.58586156,academico
RA-1158,2023,0.26392108,academico,,
RA-1159,2023,0.44030407,engajamento,,
RA-116,2023,0.36449653,academico,0.01858306,academico
RA-1160,2023,0.20819649,engajamento,0.78018767,academico
RA-1161,2023,0.13179733,academico,,
RA-1162,2023,0.21829234,academico,0.027283285,academico
RA-1163,2023,0.18788739,academico,0.009050705,academico
RA-1164,2023,0.79713506,academico,,
RA-1165,2023,0.29381198,academico,0.22549643,academico
RA-1166,2023,0.22044405,engajamento,0.016166868,academico
RA-1167,2023,0.6125933,academico,,
RA-1168,2023,0.29624382,engajamento,0.43468398,academico
RA-1169,2023,0.07705472,academico,0.00906643,academico
RA-1170,2023,0.7333746,academico,0.7645891,academico
RA-1171,2023,0.26789045,engajamento,0.012295423,academico
RA-1172,2023,0.48842525,psicopedagogico,0.011881179,academico
RA-1173,2023,0.10346264,engajamento,0.38295564,academico
RA-1174,2023,0.20095369,academico,0.012539429,academico
RA-1175,2023,0.9721664,engajamento,,
RA-1176,2023,0.03989703,academico,0.023151798,academico
RA-1177,2023,0.019163702,academico,0.15064166,academico
RA-1178,2023,0.2630328,academico,0.020077726,academico
RA-1179,2023,0.10693183,academico,,
RA-1180,2023,0.4466503,academico,,
RA-1181,2023,0.2425097,academico,0.874938,academico
RA-1182,2023,0.7943574,engajamento,,
RA-1183,2023,0.4702287,engajamento,,
RA-1184,2023,0.15596278,engajamento,0.0042607486,academico
RA-1185,2023,0.040747996,academico,,
RA-1186,2023,0.10762605,engajamento,,
RA-1187,2023,0.7492261,academico,,
RA-1188,2023,0.1357516,academico,0.057277337,academico
RA-1189,2023,0.1854738,academico,0.5771997,academico
RA-119,2023,0.14317349,academico,0.1410841,academico
RA-1190,2023,0.19712223,academico,,
RA-1191,2023,0.8183854,academico,,
RA-1192,2023,0.4310737,engajamento,,
RA-1193,2023,0.44766307,academico,0.73764545,academico
RA-1194,2023,0.2835244,academico,,
RA-1195,2023,0.2356875,engajamento,0.020625992,academico
RA-1196,2023,0.19312418,engajamento,,
RA-1197,2023,0.32371408,academico,,
RA-1198,2023,0.100312665,psicopedagogico,0.012742651,academico
RA-1199,2023,0.18659817,engajamento,0.0060369093,academico
RA-12,2023,0.3000752,academico,0.10745367,academico
RA-1200,2023,0.82816947,engajamento,0.5354542,academico
RA-1201,2023,0.015877852,engajamento,0.062019452,academico
RA-1202,2023,0.80916244,academico,,
RA-1203,2023,0.13074644,engajamento,0.03223471,academico
RA-1204,2023,0.32306758,engajamento,,
RA-1205,2023,0.4618613,academico,,
RA-1206,2023,0.40268964,engajamento,,
RA-1207,2023,0.4169246,academico,0.6841068,academico
RA-1208,2023,0.73515075,academico,,
RA-1209,2023,0.2905134,engajamento,,
RA-121,2023,0.2771893,engajamento,0.09630604,academico
RA-1210,2023,0.5677089,academico,0.094275355,academico
RA-1211,2023,0.43900466,academico,,
RA-1212,2023,0.15702513,engajamento,,
RA-1213,2023,0.28177118,engajamento,,
RA-1214,2023,0.03021284,engajamento,0.044607718,academico
RA-1215,2023,0.88737726,engajamento,,
RA-1216,2023,0.4793281,contexto,0.003253238,academico
RA-1217,2023,0.84373695,academico,,
RA-1218,2023,0.23705491,academico,,
RA-1219,2023,0.8457833,engajamento,,
RA-1220,2023,0.34206697,engajamento,0.005318977,academico
RA-1221,2023,0.24855956,academico,0.0010781896,academico
RA-1222,2023,0.9077051,academico,,
RA-1223,2023,0.20338666,academico,,
RA-1224,2023,0.6116673,contexto,0.006673997,academico
RA-1225,2023,0.54354924,academico,0.012709717,academico
RA-1226,2023,0.33916357,academico,0.2456835,academico
RA-1227,2023,0.33838746,academico,0.18221995,academico
RA-1228,2023,0.38662675,academico,0.058680464,academico
RA-1229,2023,0.29173896,academico,0.20078704,academico
RA-123,2023,0.2810924,contexto,0.0403177,academico
RA-1230,2023,0.25170246,academico,0.05617297,academico
RA-1231,2023,0.20444721,academico,0.1268074,academico
RA-1232,2023,0.20444721,academico,0.1268074,academico
RA-1233,2023,0.29677922,academico,0.10397491,academico
RA-1234,2023,0.29677922,academico,0.10397491,academico
RA-1235,2023,0.20444721,academico,0.1268074,academico
RA-1236,2023,0.29677922,academico,0.10397491,academico
RA-1237,2023,0.29677922,academico,0.10397491,academico
RA-1238,2023,0.29677922,academico,0.10397491,academico
RA-1239,2023,0.29677922,academico,0.10397491,academico
RA-1240,2023,0.20444721,academico,0.1268074,academico
RA-1241,2023,0.29677922,academico,0.10397491,academico
RA-1242,2023,0.29677922,academico,0.10397491,academico
RA-1243,2023,0.29677922,academico,,
RA-1244,2023,0.29677922,academico,0.10397491,academico
RA-1245,2023,0.20444721,academico,0.1268074,academico
RA-1246,2023,0.29677922,academico,0.10397491,academico
RA-1247,2023,0.29677922,academico,,
RA-1248,2023,0.20444721,academico,0.1268074,academico
RA-1249,2023,0.20444721,academico,0.1268074,academico
RA-125,2023,0.64480454,academico,0.075271435,academico
RA-1250,2023,0.20444721,academico,0.1268074,academico
RA-1251,2023,0.29677922,academico,0.10397491,academico
RA-1252,2023,0.29677922,academico,0.10397491,academico
RA-1253,2023,0.29677922,academico,0.10397491,academico
RA-1254,2023,0.20444721,academico,0.1268074,academico
RA-1255,2023,0.20444721,academico,0.1268074,academico
RA-1256,2023,0.3193002,academico,0.10397491,academico
RA-1257,2023,0.22217523,academico,0.1268074,academico
RA-1258,2023,0.20444721,academico,0.1268074,academico
RA-1259,2023,0.29677922,academico,0.10397491,academico
RA-1260,2023,0.20444721,academico,0.1268074,academico
RA-1261,2023,0.29677922,academico,0.10397491,academico
RA-1262,2023,0.29677922,academico,0.10397491,academico
RA-1263,2023,0.29677922,academico,0.10397491,academico
RA-1264,2023,0.29677922,academico,0.10397491,academico
RA-1265,2023,0.31975204,academico,0.135723,academico
RA-1266,2023,0.29677922,academico,0.10397491,academico
RA-1267,2023,0.29677922,academico,0.10397491,academico
RA-1268,2023,0.20444721,academico,0.1268074,academico
RA-1269,2023,0.3193002,academico,0.10397491,academico
RA-127,2023,0.7242837,academico,0.09861841,academico
RA-1270,2023,0.29677922,academico,0.10397491,academico
RA-1271,2023,0.3193002,academico,0.10397491,academico
RA-1272,2023,0.3193002,academico,0.10397491,academico
RA-1273,2023,0.37085265,academico,0.38037357,academico
RA-1274,2023,0.3193002,academico,0.10397491,academico
RA-128,2023,0.5141433,academico,,
RA-13,2023,0.13927561,academico,0.13493142,academico
RA-131,2023,0.3121763,contexto,0.7242167,academico
RA-132,2023,0.4108978,academico,0.026234714,academico
RA-133,2023,0.45889843,contexto,,
RA-137,2023,0.5728917,contexto,0.0073928977,academico
RA-138,2023,0.08312663,contexto,0.046575252,academico
RA-14,2023,0.31975204,academico,0.135723,academico
RA-141,2023,0.10964946,academico,,
RA-143,2023,0.015575625,engajamento,0.34281442,academico
RA-144,2023,0.7480021,contexto,,
RA-145,2023,0.11404341,academico,,
RA-146,2023,0.15015787,engajamento,0.004895321,academico
RA-147,2023,0.7318333,academico,0.051948123,academico
RA-149,2023,0.83885586,engajamento,0.01165941,academico
RA-151,2023,0.50984126,engajamento,,
RA-152,2023,0.49426684,academico,0.012948642,academico
RA-153,2023,0.26007375,contexto,0.092422955,academico
RA-155,2023,0.39380282,academico,0.045463685,academico
RA-157,2023,0.06450339,engajamento,0.29395562,academico
RA-158,2023,0.23598742,contexto,0.47256637,academico
RA-159,2023,0.31210172,engajamento,,
RA-160,2023,0.18855308,engajamento,0.5768651,academico
RA-161,2023,0.32533064,contexto,0.18870035,academico
RA-164,2023,0.1618669,contexto,0.18858758,academico
RA-165,2023,0.1277383,contexto,0.022123102,academico
RA-166,2023,0.022696503,academico,0.03991124,academico
RA-167,2023,0.023599789,engajamento,0.00019874262,academico
RA-168,2023,0.26018837,academico,,
RA-17,2023,0.31975204,academico,0.135723,academico
RA-170,2023,0.13912003,academico,0.0021643755,academico
RA-171,2023,0.6420545,academico,0.023797803,academico
RA-172,2023,0.15666726,academico,0.1410841,academico
RA-173,2023,0.12247213,engajamento,0.0020613216,academico
RA-174,2023,0.7685728,engajamento,,
RA-175,2023,0.04268449,academico,0.3810295,academico
RA-176,2023,0.008802018,academico,0.026000325,academico
RA-178,2023,0.050365116,contexto,0.032316174,academico
RA-179,2023,0.03224757,academico,0.009035359,academico
RA-180,2023,0.007260537,academico,0.019524423,academico
RA-181,2023,0.14273423,engajamento,0.02716961,academico
RA-183,2023,0.046104006,engajamento,0.004759957,academico
RA-184,2023,0.01358923,academico,0.26010898,academico
RA-186,2023,0.025751054,engajamento,0.010193402,academico
RA-187,2023,0.029153619,engajamento,0.0022039257,academico
RA-189,2023,0.04800942,academico,0.03613801,academico
RA-19,2023,0.22162636,academico,0.00046112848,academico
RA-190,2023,0.14281543,academico,,
RA-191,2023,0.031394977,engajamento,0.0036357536,academico
RA-192,2023,0.89410514,engajamento,0.019519439,academico
RA-193,2023,0.075758204,contexto,0.4567268,academico
RA-195,2023,0.102048956,contexto,0.032097816,academico
RA-196,2023,0.073991224,contexto,0.27572128,academico
RA-197,2023,0.018115172,engajamento,0.043728102,academico
RA-199,2023,0.4709431,academico,0.0036689204,academico
RA-2,2023,0.18960632,academico,0.11082178,academico
RA-200,2023,0.4349546,academico,,
RA-202,2023,0.07097413,contexto,0.09814177,academico
RA-204,2023,0.09907803,academico,0.04892279,academico
RA-205,2023,0.51064456,academico,,
RA-21,2023,0.31975204,academico,0.135723,academico
RA-211,2023,0.014969955,academico,0.0074507846,academico
RA-215,2023,0.7826326,academico,0.04823373,academico
RA-217,2023,0.028619213,academico,0.07682408,academico
RA-218,2023,0.7986714,academico,,
RA-220,2023,0.8617778,academico,0.24236591,academico
RA-221,2023,0.111667484,academico,,
RA-223,2023,0.636307,engajamento,,
RA-227,2023,0.6408393,academico,0.017244378,academico
RA-229,2023,0.01179411,academico,0.013420323,academico
RA-23,2023,0.12870154,academico,0.2830105,academico
RA-234,2023,0.23740396,academico,,
RA-236,2023,0.5930256,academico,0.020608936,academico
RA-237,2023,0.1900859,academico,0.0050839162,academico
RA-239,2023,0.14346494,academico,0.0014926809,academico
RA-240,2023,0.40228984,academico,,
RA-241,2023,0.02044652,engajamento,0.0017653055,academico
RA-242,2023,0.005057253,academico,0.0031356034,academico
RA-244,2023,0.0799695,academico,0.030470412,academico
RA-245,2023,0.021361625,academico,0.0016344128,academico
RA-246,2023,0.018311286,engajamento,0.0046233064,academico
RA-247,2023,0.26515216,academico,0.010735593,academico
RA-249,2023,0.15995906,engajamento,0.01707183,academico
RA-25,2023,0.3193002,academico,0.10397491,academico
RA-250,2023,0.0759348,academico,0.0019156629,academico
RA-251,2023,0.12546036,contexto,0.19732146,academico
RA-254,2023,0.056503493,academico,,
RA-26,2023,0.34541848,academico,0.008194003,academico
RA-260,2023,0.020489775,academico,0.14641789,academico
RA-262,2023,0.5927365,engajamento,0.012029223,academico
RA-265,2023,0.055448472,academico,,
RA-267,2023,0.2906975,contexto,0.70685947,academico
RA-269,2023,0.027932167,academico,0.005478009,academico
RA-27,2023,0.4191938,contexto,0.00848483,academico
RA-270,2023,0.039336197,academico,0.030281516,academico
RA-271,2023,0.38896424,engajamento,0.0026844826,academico
RA-273,2023,0.33851314,contexto,0.024108328,academico
RA-274,2023,0.011251408,academico,0.029505676,academico
RA-276,2023,0.11499372,academico,,
RA-277,2023,0.044263355,engajamento,0.038886935,academico
RA-278,2023,0.031702083,engajamento,0.15153143,academico
RA-279,2023,0.016101038,engajamento,0.0057757157,academico
RA-280,2023,0.034184717,academico,0.0080346735,academico
RA-283,2023,0.09310278,academico,0.0312242,academico
RA-285,2023,0.910857,engajamento,,
RA-286,2023,0.5342576,academico,0.1634432,academico
RA-287,2023,0.802062,engajamento,,
RA-29,2023,0.34316555,academico,0.135723,academico
RA-291,2023,0.055258762,academico,0.020894067,academico
RA-295,2023,0.16654834,academico,,
RA-298,2023,0.03569469,academico,,
RA-299,2023,0.033202257,engajamento,0.058279846,academico
RA-300,2023,0.48164463,academico,,
RA-301,2023,0.872518,engajamento,0.86965936,academico
RA-302,2023,0.7023934,academico,,
RA-303,2023,0.21061501,academico,0.018161258,academico
RA-304,2023,0.16558751,engajamento,0.010034344,academico
RA-305,2023,0.0760708,engajamento,0.0055791396,academico
RA-306,2023,0.3543827,academico,0.13277979,academico
RA-307,2023,0.52595323,engajamento,,
RA-308,2023,0.35518107,academico,0.40055856,academico
RA-31,2023,0.30442026,academico,0.11082178,academico
RA-313,2023,0.19736862,academico,0.32721946,academico
RA-315,2023,0.8143262,engajamento,0.0043189693,academico
RA-316,2023,0.060556933,academico,0.2536671,academico
RA-318,2023,0.07825981,academico,0.0774699,academico
RA-319,2023,0.064718194,academico,0.3044202,academico
RA-32,2023,0.3075293,contexto,,
RA-320,2023,0.06876403,academico,0.17282304,academico
RA-321,2023,0.17743176,psicopedagogico,0.46572742,academico
RA-322,2023,0.3199506,psicopedagogico,,
RA-324,2023,0.5870721,engajamento,,
RA-325,2023,0.41475454,academico,0.67296433,academico
RA-326,2023,0.036513265,academico,0.010388315,academico
RA-330,2023,0.05808724,contexto,,
RA-331,2023,0.07331658,academico,0.46408525,academico
RA-332,2023,0.007827868,academico,0.0027556627,academico
RA-336,2023,0.06832457,contexto,0.044876654,academico
RA-338,2023,0.013225777,academico,0.0052756756,academico
RA-339,2023,0.08968283,engajamento,0.0013561621,academico
RA-34,2023,0.13927561,academico,,
RA-340,2023,0.023289787,engajamento,0.0028421895,academico
RA-342,2023,0.050920237,academico,0.0001796242,academico
RA-343,2023,0.5532237,academico,,
RA-345,2023,0.704928,academico,,
RA-346,2023,0.19871894,engajamento,0.18242066,academico
RA-347,2023,0.14225543,academico,0.054958105,academico
RA-348,2023,0.14501849,academico,,
RA-35,2023,0.30442026,academico,0.11082178,academico
RA-350,2023,0.047128525,engajamento,,
RA-352,2023,0.09031729,engajamento,0.019000906,academico
RA-353,2023,0.013789883,academico,,
RA-356,2023,0.19123381,academico,0.6043117,academico
RA-357,2023,0.012375693,engajamento,0.005625651,academico
RA-359,2023,0.118233524,academico,0.026811931,academico
RA-36,2023,0.30442026,academico,0.11082178,academico
RA-360,2023,0.22002307,academico,0.0488693,academico
RA-362,2023,0.47483587,academico,,
RA-363,2023,0.043714855,engajamento,0.0027933086,academico
RA-364,2023,0.06923742,academico,0.026126588,academico
RA-365,2023,0.103744194,engajamento,0.013228093,academico
RA-367,2023,0.06971643,academico,0.018717183,academico
RA-368,2023,0.32330406,contexto,0.028689388,academico
RA-369,2023,0.87901336,engajamento,0.007986079,contexto
RA-373,2023,0.02735304,engajamento,,
RA-374,2023,0.074227706,academico,,
RA-375,2023,0.027715059,engajamento,0.001355126,contexto
RA-376,2023,0.07117341,engajamento,0.029276889,academico
RA-377,2023,0.6546775,academico,0.0246929,academico
RA-38,2023,0.02057088,academico,0.009758915,academico
RA-380,2023,0.6987963,engajamento,,
RA-381,2023,0.18623805,engajamento,0.30934495,academico
RA-382,2023,0.10499994,academico,0.0153332865,academico
RA-383,2023,0.1619171,engajamento,0.10019021,academico
RA-384,2023,0.07588531,academico,0.01008553,academico
RA-386,2023,0.5735334,academico,,
RA-387,2023,0.4051212,academico,0.49383917,academico
RA-388,2023,0.27976015,academico,0.0037947693,academico
RA-389,2023,0.061843984,academico,0.0027527981,academico
RA-39,2023,0.04459265,academico,0.0041611847,academico
RA-390,2023,0.29148465,academico,0.070456125,academico
RA-391,2023,0.54829895,academico,,
RA-392,2023,0.18243444,academico,0.0620591,academico
RA-395,2023,0.034377072,academico,0.004547139,academico
RA-397,2023,0.26922452,contexto,0.07220559,academico
RA-398,2023,0.122410595,academico,0.052350294,academico
RA-399,2023,0.22596997,academico,,
RA-40,2023,0.08416001,contexto,0.0042777923,academico
RA-400,2023,0.034362406,academico,,
RA-401,2023,0.09949257,academico,0.0059074946,academico
RA-402,2023,0.19729595,academico,0.25030527,academico
RA-403,2023,0.067968644,academico,0.0059986548,academico
RA-404,2023,0.11811756,academico,0.15784277,academico
RA-407,2023,0.10100096,academico,0.01968849,academico
RA-408,2023,0.25214547,psicopedagogico,0.0031387173,academico
RA-409,2023,0.09308987,academico,0.003210152,academico
RA-410,2023,0.44193003,engajamento,,
RA-411,2023,0.35633162,engajamento,0.0491116,academico
RA-412,2023,0.17063317,contexto,0.11285724,academico
RA-413,2023,0.54957116,engajamento,,
RA-414,2023,0.45229474,engajamento,0.054074313,academico
RA-415,2023,0.08769258,academico,,
RA-416,2023,0.004544992,academico,0.010411325,academico
RA-417,2023,0.0065373476,academico,0.010204372,academico
RA-418,2023,0.018859118,academico,0.11339821,academico
RA-419,2023,0.13024636,academico,0.010117405,academico
RA-42,2023,0.07638073,engajamento,0.46729037,academico
RA-420,2023,0.0626837,academico,0.020044541,academico
RA-421,2023,0.01040581,academico,0.0036369888,academico
RA-422,2023,0.4601835,academico,0.20713267,academico
RA-423,2023,0.17754257,academico,0.17235422,academico
RA-424,2023,0.22881001,engajamento,0.04679411,academico
RA-425,2023,0.0035191653,academico,0.005720971,academico
RA-426,2023,0.46537048,academico,0.035111826,academico
RA-428,2023,0.026603973,academico,0.01491441,academico
RA-43,2023,0.49799535,academico,,
RA-430,2023,0.263428,engajamento,,
RA-432,2023,0.04687441,academico,0.0073445295,academico
RA-433,2023,0.20016944,academico,0.040794037,academico
RA-434,2023,0.40221074,academico,0.008091334,academico
RA-436,2023,0.8740788,engajamento,,
RA-437,2023,0.21106997,engajamento,,
RA-438,2023,0.21754052,academico,0.6700491,academico
RA-44,2023,0.5056524,contexto,,
RA-440,2023,0.101744175,engajamento,,
RA-442,2023,0.2683999,academico,0.0015890108,academico
RA-443,2023,0.3909344,contexto,,
RA-444,2023,0.46408626,academico,0.42008317,academico
RA-445,2023,0.2906887,academico,0.0016253208,academico
RA-449,2023,0.38297752,academico,,
RA-45,2023,0.01737165,academico,0.019416366,academico
RA-450,2023,0.22795463,engajamento,0.03424032,academico
RA-451,2023,0.078179725,academico,,
RA-454,2023,0.06364177,academico,0.15796183,academico
RA-456,2023,0.17374982,academico,0.00758508,contexto
RA-457,2023,0.013707233,academico,0.00825515,academico
RA-458,2023,0.7347053,academico,0.5671585,academico
RA-459,2023,0.037797995,academico,0.002789194,academico
RA-46,2023,0.8345447,academico,,
RA-461,2023,0.11033039,contexto,0.0029133926,contexto
RA-462,2023,0.3303334,engajamento,,
RA-463,2023,0.824773,engajamento,,
RA-464,2023,0.44566226,academico,0.40090656,academico
RA-465,2023,0.013153622,academico,,
RA-466,2023,0.5967202,academico,0.032673948,academico
RA-467,2023,0.2929938,academico,0.019674288,academico
RA-468,2023,0.960764,engajamento,,
RA-469,2023,0.17248994,academico,0.0006555695,academico
RA-470,2023,0.1089906,academico,0.025088571,psicopedagogico
RA-471,2023,0.06255683,academico,0.009602416,academico
RA-472,2023,0.1583747,academico,0.0040180846,academico
RA-474,2023,0.52246493,academico,0.65299666,academico
RA-476,2023,0.3476757,academico,0.046154846,academico
RA-478,2023,0.12249871,academico,,
RA-479,2023,0.060073324,academico,0.029584924,academico
RA-48,2023,0.0841756,contexto,0.010708998,academico
RA-480,2023,0.016299076,academico,0.004541065,academico
RA-483,2023,0.76901996,engajamento,0.0039072763,academico
RA-484,2023,0.37017167,academico,0.22512496,academico
RA-486,2023,0.80866176,engajamento,,
RA-487,2023,0.105023295,engajamento,0.015798554,academico
RA-49,2023,0.46889874,academico,0.1114901,academico
RA-490,2023,0.73054063,academico,0.19744587,academico
RA-491,2023,0.31153595,engajamento,0.6876978,academico
RA-493,2023,0.27732217,engajamento,0.08953408,academico
RA-494,2023,0.23369335,academico,0.00063402485,academico
RA-495,2023,0.22894232,academico,,
RA-496,2023,0.09183536,contexto,0.002946206,academico
RA-497,2023,0.055190492,engajamento,0.0067436863,academico
RA-499,2023,0.091890275,engajamento,0.13177855,academico
RA-5,2023,0.18960632,academico,,
RA-500,2023,0.056858405,academico,0.019122057,academico
RA-501,2023,0.03295763,academico,0.0017872569,academico
RA-502,2023,0.11717122,academico,0.32015052,psicopedagogico
RA-503,2023,0.026965864,academico,0.06100529,academico
RA-504,2023,0.08428987,academico,,
RA-506,2023,0.10482934,academico,,
RA-508,2023,0.15274785,engajamento,0.045594834,contexto
RA-509,2023,0.19810124,contexto,0.00969173,academico
RA-513,2023,0.025919937,academico,0.066415265,academico
RA-514,2023,0.47925612,academico,0.020815799,contexto
RA-516,2023,0.035592176,engajamento,0.010278697,academico
RA-517,2023,0.09924867,contexto,0.016194103,academico
RA-518,2023,0.43448442,academico,0.8574137,academico
RA-519,2023,0.015614665,academico,,
RA-52,2023,0.0117098,engajamento,0.33206886,academico
RA-521,2023,0.039194208,engajamento,0.0035118754,contexto
RA-522,2023,0.09963071,engajamento,0.00041223675,academico
RA-524,2023,0.17458487,academico,0.004000293,academico
RA-525,2023,0.45221344,academico,,
RA-526,2023,0.014940557,academico,0.002122854,academico
RA-527,2023,0.15337528,academico,0.002313544,contexto
RA-528,2023,0.10427932,engajamento,0.004194248,academico
RA-529,2023,0.15335855,engajamento,0.007918379,academico
RA-53,2023,0.3890229,engajamento,,
RA-530,2023,0.28716427,contexto,0.89296955,academico
RA-531,2023,0.038449775,academico,0.2715209,academico
RA-533,2023,0.5459422,engajamento,,
RA-534,2023,0.11648934,engajamento,0.032031767,academico
RA-535,2023,0.20881346,academico,0.2767327,academico
RA-536,2023,0.29742756,engajamento,0.035074215,academico
RA-538,2023,0.17130063,engajamento,0.04951819,academico
RA-539,2023,0.2216905,academico,0.0016618399,academico
RA-540,2023,0.08895265,academico,,
RA-542,2023,0.14929155,engajamento,0.0035290513,academico
RA-543,2023,0.47475955,engajamento,0.10011026,academico
RA-546,2023,0.22322655,academico,0.0069591147,contexto
RA-547,2023,0.08413071,academico,0.0014936804,contexto
RA-548,2023,0.09065562,academico,0.0017011838,academico
RA-549,2023,0.41885465,engajamento,0.2609755,academico
RA-55,2023,0.34415784,contexto,,
RA-551,2023,0.15340553,contexto,,
RA-552,2023,0.7379765,engajamento,,
RA-555,2023,0.12758929,academico,0.041346665,academico
RA-556,2023,0.01800735,academico,0.002317254,academico
RA-557,2023,0.12486978,academico,0.12135192,academico
RA-558,2023,0.5409266,academico,0.009905029,academico
RA-559,2023,0.04090359,academico,0.0021520108,academico
RA-56,2023,0.04090408,academico,0.08471267,academico
RA-560,2023,0.14668252,engajamento,,
RA-562,2023,0.112708226,academico,0.0017802395,academico
RA-563,2023,0.24395655,engajamento,0.3151012,academico
RA-566,2023,0.29944354,academico,,
RA-568,2023,0.12641405,contexto,0.0004237811,academico
RA-57,2023,0.2570113,contexto,0.0012949279,academico
RA-570,2023,0.14851509,psicopedagogico,0.036920764,academico
RA-571,2023,0.45346317,academico,0.011268607,academico
RA-573,2023,0.06968708,engajamento,0.0016706444,academico
RA-574,2023,0.23176607,academico,,
RA-576,2023,0.033891708,academico,0.003613257,academico
RA-577,2023,0.5273812,academico,0.03553155,academico
RA-578,2023,0.070791416,engajamento,0.05080767,academico
RA-58,2023,0.016913582,engajamento,0.016898127,academico
RA-580,2023,0.032718226,engajamento,0.0015446123,academico
RA-581,2023,0.0358413,engajamento,0.03287551,academico
RA-583,2023,0.14427316,contexto,0.004525219,academico
RA-584,2023,0.30370605,psicopedagogico,0.35861623,academico
RA-586,2023,0.05963319,academico,0.008854604,academico
RA-587,2023,0.6453005,academico,0.599854,academico
RA-588,2023,0.036988713,engajamento,0.052279375,academico
RA-59,2023,0.07946753,engajamento,0.000996406,academico
RA-590,2023,0.1438158,engajamento,0.17085758,academico
RA-591,2023,0.19751018,engajamento,0.025638556,contexto
RA-592,2023,0.39256424,academico,0.04719822,academico
RA-594,2023,0.516131,academico,0.11232284,academico
RA-595,2023,0.33232006,contexto,,
RA-597,2023,0.014541448,engajamento,0.010666012,academico
RA-599,2023,0.102408454,academico,0.043936975,academico
RA-6,2023,0.29677922,academico,0.10397491,academico
RA-600,2023,0.036802083,academico,0.0033677036,contexto
RA-601,2023,0.16274779,engajamento,0.27759144,academico
RA-602,2023,0.007200224,academico,0.006854537,academico
RA-603,2023,0.18142517,engajamento,0.15569608,academico
RA-604,2023,0.100224406,academico,0.2765101,academico
RA-605,2023,0.24876334,engajamento,0.0047774934,contexto
RA-606,2023,0.13586769,academico,0.004369272,contexto
RA-607,2023,0.63632536,academico,0.01904864,academico
RA-608,2023,0.647701,academico,0.0024612434,contexto
RA-609,2023,0.36505726,academico,,
RA-61,2023,0.516225,academico,,
RA-610,2023,0.050174855,academico,0.030792912,academico
RA-612,2023,0.040113542,academico,0.0021191179,academico
RA-613,2023,0.14960377,academico,0.33513185,academico
RA-614,2023,0.02884772,academico,0.0011011468,academico
RA-615,2023,0.041335877,engajamento,,
RA-616,2023,0.20817277,academico,0.065418944,academico
RA-617,2023,0.09799358,academico,,
RA-618,2023,0.027950391,academico,0.002066762,academico
RA-619,2023,0.7339147,academico,,
RA-62,2023,0.14899026,engajamento,0.0025448739,academico
RA-620,2023,0.12888737,engajamento,0.044385254,academico
RA-623,2023,0.26014808,academico,0.008098834,academico
RA-624,2023,0.07337189,academico,0.005890214,academico
RA-626,2023,0.41670102,academico,0.00824556,academico
RA-628,2023,0.07079871,academico,0.0013606171,academico
RA-629,2023,0.034026552,academico,0.0013659409,academico
RA-63,2023,0.022821365,academico,,
RA-630,2023,0.19393547,academico,0.009157335,contexto
RA-631,2023,0.14451636,academico,0.055302694,academico
RA-632,2023,0.10717727,academico,0.048916,academico
RA-633,2023,0.07904353,academico,0.012148784,contexto
RA-636,2023,0.10275507,academico,0.084512174,academico
RA-637,2023,0.06530327,academico,0.0009080198,academico
RA-638,2023,0.070779145,engajamento,0.00469691,academico
RA-639,2023,0.2120862,engajamento,0.3838723,academico
RA-64,2023,0.09778113,psicopedagogico,0.0008294584,academico
RA-640,2023,0.28243506,psicopedagogico,,
RA-642,2023,0.24946132,academico,0.12724523,academico
RA-643,2023,0.23139203,academico,0.03391131,academico
RA-644,2023,0.75343084,engajamento,,
RA-645,2023,0.12099255,academico,0.0067045875,academico
RA-646,2023,0.029519215,academico,0.0025213247,academico
RA-647,2023,0.1877678,engajamento,,
RA-649,2023,0.19342256,academico,0.0042682285,academico
RA-651,2023,0.433438,academico,0.08426843,academico
RA-652,2023,0.06037622,academico,0.0008090575,academico
RA-653,2023,0.033299476,engajamento,0.00031744523,academico
RA-655,2023,0.012223882,academico,0.0008983883,academico
RA-656,2023,0.087411836,academico,0.00532858,contexto
RA-657,2023,0.022510128,academico,0.0019518741,contexto
RA-658,2023,0.50184596,academico,0.37228155,academico
RA-661,2023,0.4452245,academico,,
RA-662,2023,0.23131558,academico,0.023171067,academico
RA-663,2023,0.16875651,academico,0.016316853,academico
RA-664,2023,0.052810468,academico,0.001462048,academico
RA-665,2023,0.90907717,engajamento,0.072508365,academico
RA-666,2023,0.10065546,academico,0.33683285,academico
RA-667,2023,0.37944683,academico,0.01529267,academico
RA-668,2023,0.78407174,engajamento,,
RA-669,2023,0.8333293,academico,0.9451382,academico
RA-670,2023,0.42362136,academico,0.24631636,academico
RA-671,2023,0.031887326,academico,,
RA-672,2023,0.46936533,academico,0.002981479,academico
RA-674,2023,0.15543227,engajamento,,
RA-675,2023,0.3288003,academico,,
RA-677,2023,0.31066957,academico,,
RA-678,2023,0.07117102,academico,,
RA-679,2023,0.18745299,academico,,
RA-680,2023,0.09504949,engajamento,0.0055957725,academico
RA-681,2023,0.53100556,academico,0.00078848377,academico
RA-684,2023,0.019713644,academico,0.28453135,academico
RA-686,2023,0.21956116,academico,0.0013908016,academico
RA-687,2023,0.14556842,engajamento,0.0015210117,academico
RA-688,2023,0.057703264,academico,0.0014625172,academico
RA-690,2023,0.04619166,engajamento,0.0009994193,academico
RA-692,2023,0.5430395,academico,,
RA-693,2023,0.51905394,academico,0.5279443,academico
RA-696,2023,0.27865964,academico,0.46283042,academico
RA-698,2023,0.100656055,engajamento,0.7279077,academico
RA-699,2023,0.14882712,engajamento,0.11976589,contexto
RA-7,2023,0.12708172,academico,0.13493142,academico
RA-70,2023,0.04924102,contexto,,
RA-700,2023,0.03412034,academico,0.08416789,academico
RA-701,2023,0.07166505,engajamento,,
RA-702,2023,0.013873207,academico,0.049900778,academico
RA-703,2023,0.046350226,engajamento,,
RA-704,2023,0.25730234,engajamento,0.027361244,academico
RA-705,2023,0.31094673,engajamento,0.0026469056,academico
RA-706,2023,0.25483525,academico,0.0011333029,academico
RA-707,2023,0.035772175,engajamento,0.009679426,academico
RA-708,2023,0.047645565,engajamento,,
RA-709,2023,0.42755106,academico,0.019057166,academico
RA-71,2023,0.2026134,engajamento,,
RA-710,2023,0.44776028,academico,0.19757354,academico
RA-712,2023,0.5600533,engajamento,0.01247514,academico
RA-713,2023,0.0481248,engajamento,0.0044904198,academico
RA-714,2023,0.07490975,academico,0.0031080553,academico
RA-715,2023,0.35200718,engajamento,0.011656422,academico
RA-716,2023,0.2879883,engajamento,0.12029365,contexto
RA-717,2023,0.060396846,engajamento,,
RA-718,2023,0.13748573,academico,0.45582512,contexto
RA-719,2023,0.69284815,engajamento,0.012263418,academico
RA-721,2023,0.24510077,academico,0.51424944,academico
RA-722,2023,0.10228098,engajamento,,
RA-725,2023,0.13373096,academico,0.14928669,academico
RA-726,2023,0.88158107,engajamento,,
RA-727,2023,0.15452883,academico,0.027805261,academico
RA-729,2023,0.1860276,academico,0.1820117,academico
RA-730,2023,0.048789795,academico,0.0014986135,academico
RA-731,2023,0.43192652,academico,0.085099675,academico
RA-733,2023,0.39697772,academico,0.4566724,academico
RA-734,2023,0.65804857,academico,,
RA-735,2023,0.098549604,engajamento,0.0009117081,academico
RA-736,2023,0.32937032,academico,,
RA-737,2023,0.7196638,academico,0.6598622,academico
RA-738,2023,0.20255904,academico,0.30704197,academico
RA-739,2023,0.19542985,engajamento,,
RA-740,2023,0.15051109,academico,0.00039096057,academico
RA-741,2023,0.63863,academico,0.016174423,academico
RA-742,2023,0.30358827,academico,,
RA-743,2023,0.07299272,academico,0.00094950746,academico
RA-745,2023,0.25923315,engajamento,0.0031622928,academico
RA-746,2023,0.36424413,academico,0.81312233,academico
RA-747,2023,0.3800507,academico,0.13385789,academico
RA-748,2023,0.04128565,engajamento,0.0024693029,academico
RA-749,2023,0.05516894,academico,0.025804022,academico
RA-750,2023,0.39681008,academico,0.07908445,academico
RA-752,2023,0.17395708,engajamento,0.0047768364,academico
RA-753,2023,0.2293647,engajamento,0.03560506,academico
RA-754,2023,0.795834,engajamento,0.01424014,academico
RA-755,2023,0.14395289,academico,0.054367524,academico
RA-756,2023,0.38446847,academico,0.004597943,academico
RA-757,2023,0.11822782,engajamento,0.0011835119,academico
RA-76,2023,0.09730109,academico,0.29378372,academico
RA-760,2023,0.12486174,engajamento,0.0045854654,contexto
RA-761,2023,0.020060902,engajamento,0.0010859615,academico
RA-762,2023,0.35475698,engajamento,0.009105106,academico
RA-763,2023,0.07468307,academico,0.0003754706,academico
RA-764,2023,0.07436797,academico,0.35870478,academico
RA-766,2023,0.042605937,academico,,
RA-767,2023,0.27977744,engajamento,0.057727255,academico
RA-768,2023,0.11933344,academico,0.0016154636,academico
RA-769,2023,0.076986566,academico,0.00027300883,academico
RA-770,2023,0.11382202,engajamento,0.24078548,psicopedagogico
RA-771,2023,0.15591425,contexto,0.024205932,academico
RA-772,2023,0.19191301,academico,,
RA-773,2023,0.38319656,academico,0.24342738,contexto
RA-774,2023,0.23627001,academico,0.32781115,academico
RA-776,2023,0.29837453,psicopedagogico,0.018523607,academico
RA-777,2023,0.28210998,academico,0.08997777,academico
RA-778,2023,0.6375604,engajamento,0.0068623414,academico
RA-78,2023,0.20461102,contexto,0.00056488416,academico
RA-780,2023,0.19540794,academico,0.00056836783,academico
RA-781,2023,0.021961944,engajamento,0.0013770617,contexto
RA-782,2023,0.11970092,engajamento,0.02664795,academico
RA-783,2023,0.4986639,academico,,
RA-784,2023,0.053148672,academico,0.0030972932,academico
RA-785,2023,0.096922964,academico,0.0018956701,academico
RA-787,2023,0.14368674,engajamento,0.13113108,psicopedagogico
RA-788,2023,0.061218653,engajamento,0.41203228,academico
RA-789,2023,0.05102346,academico,0.111381054,academico
RA-79,2023,0.23272216,academico,,
RA-790,2023,0.0716857,engajamento,0.00019027358,academico
RA-791,2023,0.18036345,engajamento,,
RA-792,2023,0.2789928,academico,0.00074027386,academico
RA-794,2023,0.19333705,academico,0.021979613,academico
RA-795,2023,0.12330247,engajamento,0.017701741,academico
RA-796,2023,0.27635285,engajamento,0.021590611,academico
RA-797,2023,0.20909531,academico,0.07064024,academico
RA-798,2023,0.12203831,academico,0.41615412,academico
RA-799,2023,0.019032313,academico,0.0028389574,academico
RA-80,2023,0.08843779,contexto,0.016378656,academico
RA-801,2023,0.23678556,academico,0.86092246,contexto
RA-802,2023,0.0097710695,academico,0.002312031,academico
RA-804,2023,0.34006572,academico,,
RA-805,2023,0.0932901,engajamento,0.25763443,contexto
RA-806,2023,0.061697904,academico,0.30298474,academico
RA-807,2023,0.11351323,academico,0.026779016,academico
RA-808,2023,0.02090434,academico,0.043270186,academico
RA-81,2023,0.07461118,academico,0.3947075,academico
RA-810,2023,0.09750961,engajamento,0.41648263,academico
RA-812,2023,0.08689902,academico,,
RA-813,2023,0.1723371,engajamento,,
RA-814,2023,0.029479088,engajamento,0.004573411,academico
RA-815,2023,0.09396082,engajamento,,
RA-816,2023,0.06786364,engajamento,0.00065763266,academico
RA-817,2023,0.38674274,engajamento,,
RA-818,2023,0.13751504,academico,,
RA-819,2023,0.19193947,engajamento,0.28369963,academico
RA-820,2023,0.4790283,academico,0.0026398532,academico
RA-822,2023,0.058313955,academico,0.004545061,academico
RA-826,2023,0.055007346,engajamento,0.14028278,academico
RA-827,2023,0.30354068,engajamento,0.0034842882,academico
RA-829,2023,0.35995486,academico,0.079852566,academico
RA-830,2023,0.19601068,academico,0.017337456,academico
RA-831,2023,0.14105745,academico,0.01862681,academico
RA-832,2023,0.015443819,academico,0.0018364385,academico
RA-833,2023,0.05972509,academico,0.007809764,academico
RA-834,2023,0.051865727,engajamento,0.0017034253,academico
RA-835,2023,0.08321272,academico,,
RA-836,2023,0.09506337,engajamento,0.0036533615,academico
RA-837,2023,0.03584963,academico,0.7346791,academico
RA-84,2023,0.12114827,contexto,,
RA-840,2023,0.12704176,academico,0.041080933,academico
RA-841,2023,0.35563678,engajamento,0.00083513284,academico
RA-842,2023,0.17974898,engajamento,0.15180987,academico
RA-846,2023,0.1305969,engajamento,,
RA-847,2023,0.028385207,academico,0.00030005287,academico
RA-85,2023,0.36961848,engajamento,0.054325815,academico
RA-850,2023,0.110506915,academico,0.31006697,contexto
RA-851,2023,0.40653196,academico,0.5005272,academico
RA-853,2023,0.0953824,academico,0.058169894,academico
RA-854,2023,0.10703698,academico,0.41282934,academico
RA-855,2023,0.7042315,academico,0.42562753,academico
RA-856,2023,0.054827817,engajamento,,
RA-857,2023,0.15814936,academico,,
RA-858,2023,0.07392193,academico,0.3211556,academico
RA-859,2023,0.45689428,academico,0.5431039,academico
RA-86,2023,0.09168156,academico,0.039678883,academico
RA-860,2023,0.026066823,academico,0.13157296,academico
RA-861,2023,0.6448657,academico,0.6223841,academico
RA-862,2023,0.10905151,academico,0.11267464,academico
RA-863,2023,0.2489272,contexto,0.075659476,contexto
RA-864,2023,0.21203154,academico,,
RA-865,2023,0.043974344,academico,,
RA-866,2023,0.21799605,engajamento,,
RA-867,2023,0.75536805,academico,0.84699357,academico
RA-868,2023,0.31246626,academico,0.21856683,academico
RA-869,2023,0.6360803,academico,,
RA-87,2023,0.015324461,engajamento,0.0035516666,academico
RA-870,2023,0.21464576,academico,,
RA-871,2023,0.24003805,academico,0.96434194,contexto
RA-872,2023,0.2516662,engajamento,,
RA-873,2023,0.15939523,engajamento,0.008269709,academico
RA-874,2023,0.15287402,engajamento,0.19891223,academico
RA-875,2023,0.051902056,academico,,
RA-876,2023,0.26884773,academico,0.4839043,academico
RA-877,2023,0.24326928,academico,,
RA-878,2023,0.15467928,academico,0.0023915775,academico
RA-879,2023,0.059563845,engajamento,0.07948598,academico
RA-88,2023,0.22217523,academico,0.1268074,academico
RA-880,2023,0.096834935,contexto,0.16341048,academico
RA-881,2023,0.033644903,academico,,
RA-882,2023,0.32365516,academico,,
RA-883,2023,0.38853142,engajamento,,
RA-884,2023,0.09822429,engajamento,0.062180933,academico
RA-885,2023,0.14592263,engajamento,0.08423019,academico
RA-886,2023,0.42844364,academico,0.069296286,academico
RA-887,2023,0.4918763,academico,,
RA-888,2023,0.1783792,academico,0.060885172,academico
RA-889,2023,0.3457002,academico,0.28612834,academico
RA-89,2023,0.29102612,engajamento,,
RA-890,2023,0.32920736,engajamento,,
RA-891,2023,0.13508542,academico,0.5991262,contexto
RA-892,2023,0.20362245,engajamento,0.24005526,academico
RA-893,2023,0.17395796,engajamento,0.107165776,academico
RA-894,2023,0.17009532,academico,0.05443216,academico
RA-895,2023,0.6016146,academico,0.9324537,academico
RA-896,2023,0.162072,academico,0.080043264,academico
RA-897,2023,0.21207517,academico,0.15529473,academico
RA-898,2023,0.0770121,engajamento,0.13923724,psicopedagogico
RA-899,2023,0.15280129,academico,0.24734381,academico
RA-90,2023,0.01102793,academico,0.73267066,academico
RA-900,2023,0.41879037,academico,0.30108196,academico
RA-901,2023,0.17417566,academico,,
RA-902,2023,0.6494656,academico,,
RA-903,2023,0.21278192,academico,0.6786653,academico
RA-904,2023,0.10762001,academico,0.109785624,contexto
RA-905,2023,0.07394427,academico,0.52261126,academico
RA-906,2023,0.0132222185,academico,,
RA-907,2023,0.39634258,academico,0.767055,academico
RA-908,2023,0.5283844,academico,0.93458354,academico
RA-909,2023,0.021512348,academico,0.003910681,academico
RA-91,2023,0.16083468,contexto,0.0025598942,academico
RA-910,2023,0.30363932,engajamento,0.68501085,academico
RA-911,2023,0.7356234,academico,0.08483771,academico
RA-912,2023,0.525626,academico,0.57061285,contexto
RA-913,2023,0.21597086,engajamento,,
RA-914,2023,0.6678777,academico,,
RA-915,2023,0.5749875,academico,,
RA-916,2023,0.18056077,engajamento,0.22187182,academico
RA-917,2023,0.2442463,academico,,
RA-918,2023,0.10684258,academico,0.10122294,academico
RA-919,2023,0.29698887,engajamento,0.4036899,academico
RA-92,2023,0.08447702,contexto,0.012329717,academico
RA-920,2023,0.6282633,academico,0.9334855,academico
RA-921,2023,0.12307509,contexto,0.62166154,academico
RA-922,2023,0.29458934,engajamento,0.3562476,academico
RA-923,2023,0.29529372,academico,0.5652941,academico
RA-924,2023,0.69615114,engajamento,0.92685133,academico
RA-925,2023,0.09652799,contexto,0.17562833,contexto
RA-926,2023,0.15680322,engajamento,0.07125456,psicopedagogico
RA-927,2023,0.21496186,engajamento,0.5372261,psicopedagogico
RA-928,2023,0.51163995,academico,0.3810909,academico
RA-929,2023,0.48207232,engajamento,0.4977215,academico
RA-93,2023,0.1178391,academico,0.067616776,academico
RA-930,2023,0.47764665,academico,0.52329886,academico
RA-931,2023,0.25534678,academico,0.91682744,academico
RA-932,2023,0.575126,academico,,
RA-933,2023,0.5280156,academico,,
RA-934,2023,0.4870696,engajamento,0.6446548,academico
RA-935,2023,0.039739605,engajamento,0.012378251,academico
RA-936,2023,0.49404213,academico,,
RA-937,2023,0.44952464,academico,0.68604225,academico
RA-938,2023,0.19804485,academico,0.8190269,contexto
RA-939,2023,0.34142768,academico,0.010318793,academico
RA-94,2023,0.010498717,engajamento,0.0077365558,academico
RA-940,2023,0.11898576,engajamento,,
RA-941,2023,0.36986735,engajamento,0.7837939,academico
RA-942,2023,0.0653812,academico,,
RA-943,2023,0.6516762,academico,0.60082245,academico
RA-944,2023,0.28582206,academico,0.5687265,academico
RA-945,2023,0.027271189,academico,0.64427394,academico
RA-946,2023,0.08063366,academico,0.15115991,academico
RA-947,2023,0.383951,academico,0.7683562,academico
RA-948,2023,0.49953967,contexto,,
RA-949,2023,0.016921306,academico,0.97017044,academico
RA-950,2023,0.5560716,engajamento,0.68838465,academico
RA-951,2023,0.38295725,academico,0.14998916,academico
RA-952,2023,0.29599354,academico,0.8126289,academico
RA-953,2023,0.09975877,academico,0.6085076,academico
RA-954,2023,0.06880354,engajamento,0.7362719,academico
RA-955,2023,0.12224227,academico,0.004746407,academico
RA-956,2023,0.56559086,academico,0.0027883917,academico
RA-957,2023,0.5186379,academico,,
RA-958,2023,0.34879553,academico,0.47333524,academico
RA-959,2023,0.1291972,academico,0.69592595,academico
RA-96,2023,0.09852083,engajamento,0.00945668,academico
RA-960,2023,0.11995675,academico,0.0015989344,academico
RA-961,2023,0.10474873,engajamento,0.21483745,psicopedagogico
RA-962,2023,0.3409138,academico,,
RA-963,2023,0.17714588,engajamento,0.15230776,academico
RA-964,2023,0.11644166,academico,0.1189632,academico
RA-965,2023,0.13206607,academico,0.7745359,academico
RA-966,2023,0.1811079,engajamento,0.37194547,academico
RA-967,2023,0.49125376,academico,0.0056569115,academico
RA-968,2023,0.19400543,engajamento,0.035763633,academico
RA-969,2023,0.13687223,contexto,0.9824555,academico
RA-970,2023,0.5917665,academico,,
RA-971,2023,0.88425595,engajamento,0.77914894,academico
RA-972,2023,0.16718633,contexto,0.92287356,academico
RA-973,2023,0.084448986,engajamento,0.30575204,academico
RA-974,2023,0.26425242,contexto,0.08928868,academico
RA-975,2023,0.13435571,contexto,0.047940135,academico
RA-976,2023,0.37798673,academico,,
RA-977,2023,0.48475635,contexto,0.22628984,contexto
RA-978,2023,0.15962584,engajamento,0.04890641,academico
RA-979,2023,0.11614445,academico,0.71586955,psicopedagogico
RA-98,2023,0.13172278,academico,0.16216247,academico
RA-980,2023,0.16541974,engajamento,0.56414115,psicopedagogico
RA-981,2023,0.2960995,contexto,0.18022333,psicopedagogico
RA-982,2023,0.17879367,contexto,0.020815864,academico
RA-983,2023,0.03932101,academico,,
RA-984,2023,0.36222303,engajamento,0.254839,academico
RA-985,2023,0.10369362,contexto,0.6253851,academico
RA-986,2023,0.2602419,academico,0.14773285,academico
RA-987,2023,0.039937094,engajamento,0.07927871,academico
RA-988,2023,0.28045493,academico,0.046853654,academico
RA-989,2023,0.12531573,academico,0.116778255,academico
RA-99,2023,0.09265172,academico,,
RA-990,2023,0.11291523,engajamento,0.008021876,academico
RA-991,2023,0.17958778,academico,0.03371688,academico
RA-992,2023,0.15335691,academico,,
RA-993,2023,0.4305749,engajamento,,
RA-994,2023,0.24935463,contexto,0.9443127,academico
RA-995,2023,0.33144918,academico,0.107198305,academico
RA-996,2023,0.063665725,academico,,
RA-997,2023,0.1419889,academico,,
RA-998,2023,0.1255717,academico,,
RA-999,2023,0.11145005,academico,,
